{"access_token": "ya29.Glt4BUqLZjZWaw-TnoQZ3Vfo8mglbAf_i_LBjKwByHaGHgjbiagXs-HR9NurpoXNIb9bPl6GpEN4cz-53nhqpTfrjG-l3rKGl2rAosCPNX762ZAjLAjerVXOVHcQ", "client_id": "885058362405-3d5ievibmuhdpecig98gbrain81vpmka.apps.googleusercontent.com", "client_secret": "0EjH0NfevIS84b9GnNFnnGL9", "refresh_token": "1/agURn1395KBs2j5nMAK2Z9cI26YFKFf4zOf4gADCot4", "token_expiry": "2018-03-08T17:06:21Z", "token_uri": "https://accounts.google.com/o/oauth2/token", "user_agent": null, "revoke_uri": "https://accounts.google.com/o/oauth2/revoke", "id_token": null, "id_token_jwt": null, "token_response": {"access_token": "ya29.Glt4BUqLZjZWaw-TnoQZ3Vfo8mglbAf_i_LBjKwByHaGHgjbiagXs-HR9NurpoXNIb9bPl6GpEN4cz-53nhqpTfrjG-l3rKGl2rAosCPNX762ZAjLAjerVXOVHcQ", "expires_in": 3600, "refresh_token": "1/agURn1395KBs2j5nMAK2Z9cI26YFKFf4zOf4gADCot4", "token_type": "Bearer"}, "scopes": ["https://www.googleapis.com/auth/drive.install", "https://www.googleapis.com/auth/drive.file"], "token_info_uri": "https://www.googleapis.com/oauth2/v3/tokeninfo", "invalid": false, "_class": "OAuth2Credentials", "_module": "oauth2client.client"}